Getting Older;4HOryCnbme0zBnF8LWij3f;4:04;2021-07-30;Happier Than Ever;Billie Eilish
WHEN I WAS OLDER - Music Inspired By The Film ROMA;7tGEAA1f8MydT7eVbbO9Zy;4:30;2019-01-09;WHEN I WAS OLDER (Music Inspired By The Film ROMA);Billie Eilish
!!!!!!!;0rQtoQXQfwpDW0c7Fw1NeM;0:13;2019-03-29;WHEN WE ALL FALL ASLEEP, WHERE DO WE GO?;Billie Eilish
ocean eyes;7hDVYcQq6MxkdJGweuCtl9;3:20;2017-12-22;dont smile at me;Billie Eilish
GOLDWING;0FfqyjhB6Kspvit1oOo7ax;2:31;2021-07-30;Happier Than Ever;Billie Eilish
idontwannabeyouanymore;41zXlQxzTi6cGAjpOXyLYH;3:23;2017-12-22;dont smile at me;Billie Eilish
my boy;1RGasjWLZ4qMN7wbtkLa3u;2:50;2017-12-22;dont smile at me;Billie Eilish
OverHeated;5uSG6fUPRaehaV820zcpsK;3:34;2021-07-30;Happier Than Ever;Billie Eilish
Six Feet Under;2VlLbhGLVJgdOW7kKdWWFc;3:09;2016-11-17;Six Feet Under;Billie Eilish
when the party's over;43zdsphuZLzwA9k4DJhU0I;3:16;2019-03-29;WHEN WE ALL FALL ASLEEP, WHERE DO WE GO?;Billie Eilish
No Time To Die;73SpzrcaHk0RQPFP73vqVR;4:02;2020-02-13;No Time To Die;Billie Eilish
Not My Responsibility;4T2zre0jqstNJ5Gt0WG9lz;3:47;2021-07-30;Happier Than Ever;Billie Eilish
Billie Bossa Nova;2KnuaZYoGzDoHiBTNYOTXG;3:16;2021-07-30;Happier Than Ever;Billie Eilish
bitches broken hearts;5t3Vk8bRKylx4fjj7qlbib;2:56;2018-03-30;bitches broken hearts;Billie Eilish
lovely (with Khalid);0u2P5u6lvoDfwTYjAADbn4;3:20;2018-04-19;lovely (with Khalid);Billie Eilish; Khalid
lovely;1NJcg626wLln4pGHpiV7mf;3:20;2017-08-11;dont smile at me (Expanded Edition);Billie Eilish; Khalid
&burn;227TvMsTh4WOCsWKzkhvmE;2:59;2017-08-11;dont smile at me (Expanded Edition);Billie Eilish; Vince Staples
Oxytocin;4t2OeILB07eMGTXSUbMPEu;3:30;2021-07-30;Happier Than Ever;Billie Eilish
I Didn't Change My Number;7bcy34fBT2ap1L4bfPsl9q;2:38;2021-07-30;Happier Than Ever;Billie Eilish
come out and play;7wC5eZcFS1Q1BsQ35DU6H4;3:30;2018-11-20;come out and play;Billie Eilish
Six Feet Under - Gazzo Remix;3UHa28GclZhNqqlaNFzKKY;3:28;2017-02-03;Six Feet Under (The Remixes);Billie Eilish; Gazzo
Happier Than Ever;4RVwu0g32PAqgUiJoXsdF8;4:58;2021-07-30;Happier Than Ever;Billie Eilish
Six Feet Under - Jerry Folk Remix;58nxGpcCfNDiqmFXklOslz;3:20;2017-02-03;Six Feet Under (The Remixes);Billie Eilish; Jerry Folk
everything i wanted;3ZCTVFBt2Brf31RLEnCkWJ;4:05;2019-11-13;everything i wanted;Billie Eilish
bad guy (with Justin Bieber);3yNZ5r3LKfdmjoS3gkhUCT;3:14;2019-07-11;bad guy (with Justin Bieber);Billie Eilish; Justin Bieber
my strange addiction;3Tc57t9l2O8FwQZtQOvPXK;2:59;2019-03-29;WHEN WE ALL FALL ASLEEP, WHERE DO WE GO?;Billie Eilish
NDA;38GBNKZUhfBkk3oNlWzRYd;3:15;2021-07-30;Happier Than Ever;Billie Eilish
ilomilo;7qEKqBCD2vE5vIBsrUitpD;2:36;2019-03-29;WHEN WE ALL FALL ASLEEP, WHERE DO WE GO?;Billie Eilish
Your Power;042Sl6Mn83JHyLEqdK7uI0;4:05;2021-07-30;Happier Than Ever;Billie Eilish
ilomilo - Live From The Film - Billie Eilish: The World’s A Little Blurry;4EYiIACD4vGzOmiKYzRdkW;2:44;2021-02-22;ilomilo (Live From The Film - Billie Eilish: The World’s A Little Blurry);Billie Eilish
Bored;04sN26COy28wTXYj3dMoiZ;3:00;2017-03-30;Bored;Billie Eilish
wish you were gay;3Fj47GNK2kUF0uaEDgXLaD;3:41;2019-03-29;WHEN WE ALL FALL ASLEEP, WHERE DO WE GO?;Billie Eilish
COPYCAT - Sofi Tukker Remix;2njUxZ4151DWIrfIK3loFj;3:18;2018-01-12;COPYCAT (Sofi Tukker Remix);Billie Eilish; Sofi Tukker
you should see me in a crown;3XF5xLJHOQQRbWya6hBp7d;3:00;2019-03-29;WHEN WE ALL FALL ASLEEP, WHERE DO WE GO?;Billie Eilish
Therefore I Am;20R4HfKloPKgXDqU7UKk3x;2:53;2021-07-30;Happier Than Ever;Billie Eilish
Ocean Eyes - GOLDHOUSE Remix;1JbuC7uZm0P1PyX7N7gDEM;3:33;2017-01-13;Ocean Eyes (The Remixes);Billie Eilish; GOLDHOUSE
watch;7eB1V5LvAdxCc7brfGhRRo;2:57;2017-12-22;dont smile at me;Billie Eilish
Six Feet Under - Aire Atlantica Remix;75WGjm9867pcRxGwiLRwK8;3:41;2017-02-03;Six Feet Under (The Remixes);Billie Eilish; Aire Atlantica
Six Feet Under - BLU J Remix;4D5sitThGoz0RnMsFdFUuz;3:35;2017-02-03;Six Feet Under (The Remixes);Billie Eilish; BLU J
Ocean Eyes - Astronomyy Remix;6NOq79ynBpBi6BSJMdgReN;4:56;2017-01-13;Ocean Eyes (The Remixes);Billie Eilish; Astronomyy
Lost Cause;4191RXFPa7Ge9XkA4cWlna;3:32;2021-07-30;Happier Than Ever;Billie Eilish
my future;3YUMWmx8EJq0DurfuIwoGh;3:30;2021-07-30;Happier Than Ever;Billie Eilish
COPYCAT;5w7wuzMzsDer96KqxafeRK;3:14;2017-12-22;dont smile at me;Billie Eilish
all the good girls go to hell;6IRdLKIyS4p7XNiP8r6rsx;2:48;2019-03-29;WHEN WE ALL FALL ASLEEP, WHERE DO WE GO?;Billie Eilish
my future;2ygvZOXrIeVL4xZmAWJT2C;3:28;2020-07-30;my future;Billie Eilish
Happier Than Ever - Edit;32BeYxKPrig1LefHsC0Xuo;2:31;2021-07-28;Happier Than Ever (Edit);Billie Eilish
Everybody Dies;5jhBwnqzNNrENXnYrAdoCe;3:26;2021-07-30;Happier Than Ever;Billie Eilish
Therefore I Am;54bFM56PmE4YLRnqpW6Tha;2:54;2020-11-12;Therefore I Am;Billie Eilish
hostage;1WsEgieHsWWndAzLkmV105;3:49;2017-12-22;dont smile at me;Billie Eilish
Male Fantasy;4ak9GGe6afmi2HbxEjvhIC;3:14;2021-07-30;Happier Than Ever;Billie Eilish
8;6X29iaaazwho3ab7GNue5r;2:53;2019-03-29;WHEN WE ALL FALL ASLEEP, WHERE DO WE GO?;Billie Eilish
Lo Vas A Olvidar (with ROSALÍA);0jagsVVkxwxhmTIicnOaon;3:23;2021-01-21;Lo Vas A Olvidar (with ROSALÍA);Billie Eilish; ROSALÍA
Ocean Eyes - Blackbear Remix;4JuZQeSRYJfLCqBgBIxxrR;3:15;2017-01-13;Ocean Eyes (The Remixes);Billie Eilish; blackbear
bury a friend;4SSnFejRGlZikf02HLewEF;3:13;2019-03-29;WHEN WE ALL FALL ASLEEP, WHERE DO WE GO?;Billie Eilish
listen before i go;0tMSssfxAL2oV8Vri0mFHE;4:02;2019-03-29;WHEN WE ALL FALL ASLEEP, WHERE DO WE GO?;Billie Eilish
i love you;6CcJMwBtXByIz4zQLzFkKc;4:51;2019-03-29;WHEN WE ALL FALL ASLEEP, WHERE DO WE GO?;Billie Eilish
Bellyache - Marian Hill Remix;61X077SWMs5aAGQHhf4pd0;3:40;2017-05-05;Bellyache (Marian Hill Remix);Billie Eilish; Marian Hill
bellyache;1ni8ZTAY1GHXEFOGHl7fdg;2:59;2017-12-22;dont smile at me;Billie Eilish
&burn (with Vince Staples);6X7qcg95CAeJpTjtg1wooM;2:59;2017-12-22;dont smile at me;Billie Eilish; Vince Staples
goodbye;3LgWsmilsrWXiPYQFRD0T7;1:59;2019-03-29;WHEN WE ALL FALL ASLEEP, WHERE DO WE GO?;Billie Eilish
bad guy;2Fxmhks0bxGSBdJ92vM42m;3:14;2019-03-29;WHEN WE ALL FALL ASLEEP, WHERE DO WE GO?;Billie Eilish
Ocean Eyes - Cautious Clay Remix;3bM4b4P6QFDnjdXXI2zufO;3:11;2017-01-13;Ocean Eyes (The Remixes);Billie Eilish
party favor;3WxmlTZ85sCYFnuIXmUAEe;3:24;2017-12-22;dont smile at me;Billie Eilish
xanny;4QIo4oxwzzafcBWkKjDpXY;4:03;2019-03-29;WHEN WE ALL FALL ASLEEP, WHERE DO WE GO?;Billie Eilish
Halley's Comet;5XsAal7ZcWg1I5T4NcRjkv;3:54;2021-07-30;Happier Than Ever;Billie Eilish
MyBoi - TroyBoi Remix;1T3E8z6VMXSsACrBSQHTkN;3:31;2018-03-09;MyBoi (TroyBoi Remix);Billie Eilish; TroyBoi
